"UniqueID","weight_fill"
110000001,0.362496180558064
110000002,1.20241120921858
110000008,0.435546560120044
110000009,0.315647491625283
110000010,0.139561601526046
110000012,0.355475076288467
110000013,0.095969993298602
110000014,0.181248090279032
110000016,0.655576089870507
110000017,0.198032987207469
110000019,0.904268462790374
110000020,0.66926463879603
110000023,0.761748903579889
110000024,0.450796154777573
110000026,0.772209258832275
110000027,0.724992361116129
110000029,1.44493630233899
110000032,0.652434088019188
110000033,0.241664120372043
110000034,0.709243978223564
110000035,0.724992361116129
110000037,1.80101706084209
110000038,0.772209258832275
110000039,1.0959073152376
110000041,0.167316159699008
110000044,0.901592309555145
110000046,0.481645434112997
110000047,1.44493630233899
110000054,0.772209258832275
110000055,0.217478029339729
110000060,0.54403562700635
110000061,0.229171475060588
110000063,0.54612691899137
110000064,0.761748903579889
110000065,1.715276940742
110000073,0.916685900242352
110000077,0.916685900242352
110000081,0.182042306330457
110000088,0.230709366832556
110000090,0.637630052439725
110000091,0.291319868799986
110000093,0.360373414767563
110000094,0.858087926607664
110000097,0.241664120372043
110000099,0.152780983373725
110000100,0.326217044009594
110000104,1.00185988021108
110000107,0.29696645160604
110000109,0.211608168582969
110000110,0.143954989947903
110000111,0.481645434112997
110000112,0.149671086127713
110000113,1.32711743562912
110000114,1.715276940742
110000118,0.144998472223226
110000119,0.241664120372043
110000123,0.154900274111987
110000127,0.724992361116129
110000128,0.442544709638448
110000132,0.203548611553854
110000136,0.0922837467330226
110000137,0.60885743484338
110000138,0.153806244555038
110000140,0.772209258832275
110000141,0.109225383798274
110000144,0.282154752653862
110000146,0.0575819959791612
110000148,0.234340519493582
110000151,0.342062650928368
110000153,0.271608657527496
110000161,0.828077245967794
110000162,0.525604592932353
110000168,0.510948685158525
110000171,0.901592309555145
110000172,1.22081636276666
110000173,0.839448423699108
110000175,0.774501370559933
110000178,0.217478029339729
110000181,0.724992361116129
110000185,0.510948685158525
110000189,1.96836093395895
110000191,0.858087926607664
110000192,0.241664120372043
110000196,0.5387671584856
110000200,0.99745173686709
110000201,0.538729077641761
110000210,0.380874451789945
110000212,0.54403562700635
110000213,0.269364538820881
110000214,1.35658536790827
110000221,0.962132922964053
110000222,0.846464257961586
110000224,0.181248090279032
110000229,1.00812599292203
110000230,0.5540731211465
110000240,0.697808007630229
110000242,0.419724211849554
110000244,0.458342950121176
110000245,0.637630052439725
110000246,1.22081636276666
110000248,0.867270777173475
110000249,0.13648410421835
110000252,0.61040818138333
110000255,0.181248090279032
110000261,0.182042306330457
110000263,0.226185589015389
110000264,0.45219512263609
110000265,0.232602669210076
110000266,0.54612691899137
110000268,2.20104509527966
110000273,1.44493630233899
110000274,1.44493630233899
110000275,0.182042306330457
110000276,0.491939739579775
110000278,1.44922523750317
110000280,0.774501370559933
110000282,0.29611021158983
110000286,0.401407514081463
110000287,0.362306309375793
110000291,0.774501370559933
110000312,0.678292683954135
110000313,1.715276940742
110000316,1.30571876826818
110000317,1.37337910859869
110000318,0.287909979895806
110000320,0.226185589015389
110000322,0.724992361116129
110000323,0.217478029339729
110000335,0.092316637787737
110000337,0.963721393495806
110000341,0.986682372981289
110000349,0.109225383798274
110000350,1.43195215156782
110000360,0.386104629416137
110000362,1.28452267839447
110000363,0.386104629416137
110000378,0.724992361116129
110000382,1.44922523750317
110000383,0.772209258832275
110000386,0.669004172046917
110000395,0.334519118664983
110000398,1.30571876826818
110000402,0.722468151169495
110000405,0.772209258832275
110000407,0.452371178030779
110000408,0.916685900242352
110000409,0.190437225894972
110000411,0.66926463879603
110000413,1.36753393034226
110000421,0.241664120372043
110000425,0.362496180558064
110000436,0.483263157210741
110000437,0.53278336345616
110000438,1.84625237691991
110000439,0.158706126437227
110000440,0.241664120372043
110000443,1.44493630233899
110000449,0.435409043434644
110000451,0.538729077641761
110000454,0.167889684739822
110000461,0.62594279058038
110000464,0.452371178030779
110000465,0.569638475900015
110000466,0.262802296466177
110000473,0.150790392676926
110000475,0.365470983401637
110000476,0.0681530153829782
110000484,1.44493630233899
110000487,0.391855242716528
110000488,0.095969993298602
110000489,0.93891418587057
110000494,0.412812458138843
110000495,0.33248391228903
110000501,0.637630052439725
110000506,0.287797930084485
110000509,0.435239589422727
110000521,0.326429692067045
110000525,0.365470983401637
110000527,0.548206475102455
110000530,0.384000074797847
110000531,0.462933540871135
110000532,1.02189737031705
110000537,0.144998472223226
110000538,1.44493630233899
110000539,0.407120661451811
110000544,0.678292683954135
110000545,0.407363803643419
110000546,0.491939739579775
110000548,0.56354929581396
110000555,0.327959826386517
110000556,0.920503840315125
110000558,0.429043963303832
110000559,0.222281767478771
110000560,1.6140349863842
110000561,0.933974202524884
110000562,1.9938585670527
110000563,0.446509828426618
110000566,1.18737811685051
110000569,0.45219512263609
110000570,0.155594197068766
110000571,1.44493630233899
110000573,0.916685900242352
110000577,0.360373414767563
110000578,0.473001333035543
110000579,0.257403086277425
110000580,0.212543350813242
110000583,0.173729616783537
110000587,0.153806244555038
110000588,1.09641295020491
110000590,0.193052314708069
110000593,0.40154556798401
110000594,0.0922837467330226
110000595,0.355470638819308
110000596,0.214521981651916
110000597,0.0719774949739515
110000601,0.250889338998737
110000602,0.724992361116129
110000604,0.0956587764332158
110000605,0.423232128980793
110000606,0.385435799845057
110000608,0.65285938413409
110000609,0.828077245967794
110000613,0.191317552866432
110000615,0.658082235104777
110000616,0.241664120372043
110000618,0.514187338319013
110000619,0.172435395760824
110000620,0.365470983401637
110000621,0.348904003815114
110000622,0.66926463879603
110000623,0.300338353314398
110000624,0.525604592932353
110000626,0.548206475102455
110000627,1.87782837174114
110000630,1.715276940742
110000631,0.292821475844952
110000637,0.407362593772047
110000638,0.986682372981289
110000640,0.61569250857287
110000643,0.136531729747843
110000645,0.407097223107708
110000646,0.156546623006478
110000648,0.772209258832275
110000649,0.70302201839083
110000652,0.186696142856559
110000653,0.582286993341475
110000654,0.197336474596258
110000656,0.615657062538697
110000657,1.22081636276666
110000658,0.406938787588887
110000659,0.916685900242352
110000663,0.652434088019188
110000664,1.68449282819476
110000668,0.217478029339729
110000672,0.675177133663702
110000674,0.203548611553854
110000677,1.108146242293
110000678,0.155177814566546
110000679,0.652434088019188
110000680,0.280044214284839
110000682,2.05157715474864
110000684,0.139561601526046
110000685,0.863393790253454
110000693,1.18786580642416
110000694,0.655410398496405
110000695,2.45277110287437
110000696,1.17128590337981
110000697,0.119375805056642
110000701,1.20463670395203
110000704,0.418834028957327
110000705,0.274103237551228
110000706,1.70065141233776
110000710,0.0870818086869288
110000714,0.382635105732863
110000716,1.80101706084209
110000717,1.25276852517401
110000718,1.44319938444608
110000721,2.19167732431839
110000722,2.19167732431839
110000724,0.59393290321208
110000725,0.230709366832556
110000726,0.54612691899137
110000727,0.461418733665113
110000728,1.44922523750317
110000731,0.765270211465726
110000736,0.461418733665113
110000740,0.159167740075522
110000744,0.250889338998737
110000745,0.62594279058038
110000752,0.107207021462981
110000753,0.975784954275265
110000755,0.136531729747843
110000758,0.340765076914891
110000761,0.126964901149782
110000762,0.286029308869221
110000763,0.60885743484338
110000764,0.452371178030779
110000765,0.634824505748908
110000766,0.435239589422727
110000767,0.095969993298602
110000768,0.287797930084485
110000769,0.900508530421045
110000770,0.66926463879603
110000774,0.774501370559933
110000779,0.110643052937133
110000780,0.59393290321208
110000781,1.44922523750317
110000783,0.772209258832275
110000784,0.652434088019188
110000786,0.435239589422727
110000787,0.362306309375793
110000792,0.421124170588657
110000793,1.60037605576149
110000795,0.0910211531652283
110000796,2.65520047580617
110000797,0.0918651555741564
110000799,0.164447062163548
110000800,0.491298318938022
110000801,1.18786580642416
110000802,0.354750999776658
110000806,1.03407045692474
110000808,0.9304333476674
110000809,1.84625237691991
110000814,0.153914265634674
110000815,0.461563094229977
110000816,0.74370801906226
110000817,0.923126188459955
110000819,0.986682372981289
110000820,1.09641295020491
110000821,3.1519757250372
110000822,0.897625339505881
110000823,1.41900399910663
110000824,0.261143753653636
110000825,0.493341186490645
110000826,0.225059044554567
110000837,0.153914265634674
110000839,0.541036087265005
110000840,0.2231700347268
110000842,0.54612691899137
110000843,1.17128590337981
110000844,0.504062996461015
110000845,0.386104629416137
110000852,1.00812599292203
110000853,0.22440633487647
110000856,1.02189737031705
110000857,0.350646722965427
110000859,0.643787283090014
110000860,0.646160529599673
110000861,0.712973505785438
110000863,0.602318351976015
110000864,0.215386843199891
110000865,0.217575227175137
110000866,1.80101706084209
110000867,0.423232128980793
110000871,0.490048671664328
110000873,0.407097223107708
110000879,0.53345868525383
110000880,1.13927695180003
110000881,0.276025748655931
110000882,0.846464257961586
110000883,1.18786580642416
110000884,0.365302438412533
110000887,0.460391857109493
110000889,1.22081636276666
110000890,0.452371178030779
110000891,0.207019311491948
110000893,0.380874451789945
110000894,0.761748903579889
110000898,0.900508530421045
110000901,1.77092477946084
110000902,0.269364538820881
110000904,0.357988037891955
110000905,0.268149129661867
110000907,1.60037605576149
110000909,0.761748903579889
110000911,0.442887967510131
110000913,0.419724211849554
110000914,0.096407794605735
110000915,0.669004172046917
110000916,0.406938787588887
110000917,0.0672306588368863
110000918,0.435239589422727
110000919,0.217705168302139
110000922,0.264156355077121
110000923,0.212543350813242
110000924,0.236414659407855
110000925,2.16364996811631
110000927,0.361234075584748
110000928,0.796554261897498
110000931,0.279816141233036
110000934,1.18786580642416
110000936,0.29696645160604
110000938,0.460391857109493
110000939,0.269364538820881
110000941,0.347056638575913
110000944,0.65285938413409
110000945,0.814725187544095
110000946,0.538729077641761
110000947,0.5479536576188
110000950,0.44237247854304
110000951,1.96836093395895
110000952,0.0658475257547636
110000953,0.435239589422727
110000955,0.202952478281127
110000957,0.431696895126727
110000958,0.761748903579889
110000959,0.153054042293145
110000960,0.191149245274871
110000961,0.461418733665113
110000965,0.261143753653636
110000966,0.354621989111782
110000967,1.73466493710456
110000968,0.983237153968441
110000969,0.243946238568816
110000979,0.863393790253454
110000982,1.04802175537772
110000985,0.287797930084485
110000988,0.1578317821012
110000990,1.05194016889628
110000991,1.73466493710456
110000995,0.764596981099484
110000997,0.340130282467552
110000999,0.828077245967794
110001000,0.61040818138333
110001002,0.471393653010254
110001003,0.490048671664328
110001005,0.241664120372043
110001014,0.796554261897498
110001016,0.257403086277425
110001019,0.814725187544095
110001021,0.538729077641761
110001022,2.39434130875856
110001024,0.186706891759255
110001025,0.442533412634362
110001029,0.490048671664328
110001030,0.174452001907557
110001031,0.255474342579262
110001032,0.365302438412533
110001033,0.203548611553854
110001036,0.2739768288094
110001038,0.306678476107133
110001039,0.167259559332492
110001042,0.164447062163548
110001044,0.264239415501507
110001045,0.145136347811548
110001046,0.622376788275065
110001047,0.81795577471545
110001048,0.21258142654222
110001050,0.177310994555891
110001051,0.143954989947903
110001053,0.855280060354224
110001054,0.602349021657916
110001055,0.386104629416137
110001056,2.66634310901189
110001060,0.491939739579775
110001061,0.5540731211465
110001063,0.153914722761731
110001065,2.17210431874344
110001066,0.5387671584856
110001068,0.858087926607664
110001073,0.490048671664328
110001078,0.724992361116129
110001079,0.62618649202591
110001081,0.287909979895806
110001083,0.442544709638448
110001084,0.174595987807021
110001085,0.724992361116129
110001086,0.637630052439725
110001087,0.423232128980793
110001093,0.258167123519978
110001095,0.229171475060588
110001096,0.39877171341054
110001098,0.828077245967794
110001104,0.774501370559933
110001105,0.398277130948749
110001107,0.634824505748908
110001108,0.241664120372043
110001111,0.181248090279032
110001112,0.435409043434644
110001115,0.365302438412533
110001120,0.55431713016867
110001124,0.59393290321208
110001125,1.57075234137738
110001128,0.68385905158288
110001129,0.325077985288051
110001130,0.236414659407855
110001131,0.31619678138367
110001133,1.44922523750317
110001135,0.214521981651916
110001140,0.130533324699716
110001143,0.613356952214265
110001144,0.193052314708069
110001146,0.538729077641761
110001147,0.669004172046917
110001148,0.681386957627052
110001149,0.213265747935853
110001152,0.538729077641761
110001155,1.47218718027574
110001156,1.09641295020491
110001159,0.269364538820881
110001160,0.66926463879603
110001161,0.761748903579889
110001162,0.238751610113283
110001165,1.02189737031705
110001166,0.72403477291448
110001167,0.57822164570152
110001168,0.61569250857287
110001169,0.12701015299161
110001170,0.30442871742169
110001171,0.153806244555038
110001172,0.37341378351851
110001173,0.0952576147437078
110001174,0.251924284011716
110001175,0.12701015299161
110001181,1.18786580642416
110001182,1.00185988021108
110001183,0.132036476019477
110001184,0.634824505748908
110001185,0.626154608616405
110001187,0.538729077641761
110001189,0.585851298733955
110001190,0.115354683416278
110001193,4.39981760577747
110001194,0.147514903212816
110001195,0.158706126437227
110001198,1.18786580642416
110001206,0.435409043434644
110001207,0.40154556798401
110001208,0.72403477291448
110001209,0.435239589422727
110001211,0.269364538820881
110001212,1.25802580811549
110001213,1.30571876826818
110001214,1.0959073152376
110001215,0.183491836600337
110001216,0.41743640574427
110001218,1.18786580642416
110001219,0.626154608616405
110001220,2.20104509527966
110001221,0.634824505748908
110001222,1.28011607306579
110001223,0.265518087299166
110001224,0.37055377024281
110001225,0.326217044009594
110001229,0.41743640574427
110001231,0.340765076914891
110001232,0.442544709638448
110001240,1.108146242293
110001241,0.386104629416137
110001244,0.211608168582969
110001253,0.287909979895806
110001254,2.02296187247072
110001255,0.538729077641761
110001258,1.18786580642416
110001259,0.269364538820881
110001261,0.17957635921392
110001262,0.54118668221456
110001263,0.585679641572153
110001265,0.493539551211052
110001267,0.510948685158525
110001269,0.637630052439725
110001270,0.347056638575913
110001274,0.986682372981289
110001276,0.267135903890308
110001279,0.386104629416137
110001280,0.395955268808053
110001283,0.538729077641761
110001284,0.435239589422727
110001285,1.18786580642416
110001290,0.73275088597943
110001291,0.0964296950950636
110001294,0.317412252874454
110001295,0.238751610113283
110001296,0.538729077641761
110001300,1.32760023790308
110001302,0.143954989947903
110001304,0.14960422325098
110001306,0.538729077641761
110001307,0.395955268808053
110001308,0.17957635921392
110001309,1.20463670395203
110001311,0.269364538820881
110001314,0.407362593772047
110001315,0.452371178030779
110001316,0.863393790253454
110001319,0.61040818138333
110001321,0.57822164570152
110001322,0.190515229487416
110001323,1.18786580642416
110001324,0.271413774301207
110001326,0.712973505785438
110001328,0.348904003815114
110001331,1.02189737031705
110001332,0.306678476107133
110001333,0.435239589422727
110001334,0.138474956681606
110001350,0.232766721849819
110001351,0.697808007630229
110001352,0.154015053714419
110001353,3.05934477893401
110001358,1.47218718027574
110001361,1.15200022439354
110001364,0.54612691899137
110001368,2.41366762950318
110001372,0.371497596518308
110001373,1.41900399910663
110001384,0.300602802304645
110001385,0.271413774301207
110001387,0.282857458127484
110001388,0.61040818138333
110001389,0.652434088019188
110001390,1.00185988021108
110001391,2.65520047580617
110001392,1.67961135419787
110001393,0.50574046811768
110001396,1.32711743562912
110001398,0.407412986291245
110001400,0.407120661451811
110001401,0.207019311491948
110001402,0.493341186490645
110001404,0.153806244555038
110001409,0.244250295326477
110001410,0.282154752653862
110001412,0.429043963303832
110001413,1.60563005632585
110001415,0.257403086277425
110001416,0.181978805624467
110001417,0.79684404650785
110001422,0.858087926607664
110001424,0.412812458138843
110001426,0.901592309555145
110001427,0.678292683954135
110001428,1.05178746525217
110001430,0.846464257961586
110001431,0.286029308869221
110001432,0.274103237551228
110001433,0.199138565474375
110001434,1.25230921723281
110001435,0.858087926607664
110001443,1.22081636276666
110001444,0.380874451789945
110001447,0.362496180558064
110001448,1.3627739152541
110001449,0.652434088019188
110001450,0.471393653010254
110001454,0.796554261897498
110001455,0.386104629416137
110001456,0.163108522004797
110001457,0.414038622983897
110001459,0.81795577471545
110001460,0.452371178030779
110001461,0.66355871781456
110001465,0.348022745774728
110001466,0.52401087768886
110001468,0.59222042317966
110001469,0.282154752653862
110001473,0.897625339505881
110001475,1.73245651000495
110001476,0.318815026219863
110001478,1.35658536790827
110001479,0.361234075584748
110001481,0.326217044009594
110001482,1.44493630233899
110001483,0.240916477772568
110001484,0.407120661451811
110001490,0.193052314708069
110001493,0.442544709638448
110001496,0.325077985288051
110001497,0.828077245967794
110001498,0.626154608616405
110001501,0.25911045430437
110001505,1.02154090809806
110001507,1.02578857737432
110001508,0.122125147663238
110001509,0.226185589015389
110001510,0.423232128980793
110001519,0.179525067901176
110001520,0.518220908608739
110001521,0.916685900242352
110001522,1.35658536790827
110001524,0.407120661451811
110001525,0.311188394137533
110001526,0.61366922687675
110001528,0.828077245967794
110001531,0.423232128980793
110001532,0.366375442989715
110001533,0.901592309555145
110001538,0.362496180558064
110001540,0.846464257961586
110001541,0.171617585321533
110001545,0.326217044009594
110001546,1.65283403372722
110001550,0.61569250857287
110001552,0.814241322903622
110001553,0.640058036532895
110001556,1.84100768063025
110001558,0.467446502422186
110001562,0.362496180558064
110001565,0.442705706387045
110001566,0.846464257961586
110001569,0.916685900242352
110001572,0.429043963303832
110001573,0.461418733665113
110001574,0.946425464694523
110001579,0.54612691899137
110001581,0.450915335985292
110001582,0.153806244555038
110001584,0.908869660570895
110001585,0.652434088019188
110001586,0.217575227175137
110001587,0.437135548140177
110001588,0.253916301193296
110001590,0.148793485850659
110001592,0.241664120372043
110001593,0.214521981651916
110001594,0.181978805624467
110001595,0.286029308869221
110001599,0.163108522004797
110001600,0.307828531269349
110001602,0.724992361116129
110001603,0.217478029339729
110001604,0.136531729747843
110001605,0.54612691899137
110001607,0.525604592932353
110001608,3.05934477893401
110001609,0.78840688939853
110001613,1.20135341325759
110001614,1.60563005632585
110001615,0.362496180558064
110001616,0.305561966747451
110001617,0.321240464498602
110001621,0.089236399129296
110001622,0.724992361116129
110001623,0.326217044009594
110001624,0.897625339505881
110001626,0.380874451789945
110001627,0.321240464498602
110001628,1.09130092376002
110001629,2.39434130875856
110001631,0.380874451789945
110001634,0.150790392676926
110001638,0.393386396861525
110001639,0.203560330725905
110001642,0.407120661451811
110001644,0.182042306330457
110001645,0.560088428569678
110001650,0.141077376326931
110001652,0.45219512263609
110001653,0.173729616783537
110001654,0.622376788275065
110001658,0.172435395760824
110001659,0.407120661451811
110001663,0.298637460621218
110001674,0.493341186490645
110001677,0.317412252874454
110001688,1.22081636276666
110001694,0.63979724380756
110001703,0.144611691908603
110001706,0.772209258832275
110001717,1.44922523750317
110001719,1.22081636276666
110001720,0.901592309555145
110001721,0.269364538820881
110001722,1.22081636276666
110001723,0.761748903579889
110001724,0.181248090279032
110001725,1.22081636276666
110001727,0.986682372981289
110001730,1.08112024430269
110001731,1.5936880930157
110001732,0.326217044009594
110001733,0.163108522004797
110001736,0.433635388586738
110001737,0.271575062514698
110001740,1.18786580642416
110001741,0.407097223107708
110001742,0.185475546024902
110001743,0.273063459495685
110001745,0.9581460232402
110001746,0.153054042293145
110001747,1.30571876826818
110001748,0.261143753653636
110001749,0.59393290321208
110001750,0.247062949908106
110001751,0.327705199248203
110001753,0.59393290321208
110001754,0.0719774949739515
110001756,0.76808496256379
110001760,1.18786580642416
110001763,0.136531729747843
110001767,0.136531729747843
110001772,0.182042306330457
110001773,0.425698056865103
110001777,0.863393790253454
110001779,0.313093246012955
110001780,0.047984996649301
110001786,2.00701251614075
110001791,0.24580928849211
110001792,0.132036476019477
110001804,0.57844676763441
110001805,0.783710485433056
110001808,0.741188849724317
110001813,0.435409043434644
110001814,0.512056641709193
110001820,1.08605215937172
110001823,1.13927695180003
110001826,1.07259651864747
110001827,0.65285938413409
110001830,0.382635105732863
110001833,0.65285938413409
110001837,0.435409043434644
110001842,0.16387285899474
110001843,0.897625339505881
110001847,1.66370963054154
110001848,0.712973505785438
110001850,0.255090070488575
110001858,0.152214358710845
110001859,0.126964901149782
110001873,0.347056638575913
110001874,0.271608657527496
110001879,0.422408704373996
110001885,0.273063459495685
110001886,0.167259559332492
110001887,0.317412252874454
110001891,0.182042306330457
110001893,0.211608168582969
110001895,0.435409043434644
110001898,1.18786580642416
110001899,0.923126188459955
110001908,0.863393790253454
110001909,0.217478029339729
110001910,1.17170259746791
110001913,0.317412252874454
110001915,0.115354683416278
110001918,0.246670593245322
110001920,0.185297212431079
110001924,0.092316637787737
110001930,0.214665657781637
110001932,0.86733246855228
110001934,0.221272354819224
110001935,0.287797930084485
110001936,1.26809609303104
110001938,0.215848447563363
110001940,0.208728830675303
110001943,0.340765076914891
110001946,0.59393290321208
110001949,0.174595987807021
110001951,0.0814194446215416
110001952,0.11358835897163
110001954,0.646962365120443
110001956,0.414038622983897
110001957,0.5540731211465
110001959,0.214869377521199
110001960,1.05194016889628
110001968,1.17128590337981
110001969,1.84699472592011
110001975,0.839448423699108
110001976,0.585851298733955
110001979,0.808465473773605
110001981,1.30571876826818
110001982,0.461418733665113
110001983,0.185475546024902
110001984,1.18786580642416
110001992,0.538729077641761
110001993,0.47731738385594
110001994,0.215848447563363
110001997,0.863393790253454
110002001,0.334519118664983
110002005,0.391855242716528
110002006,1.53044778504832
110002007,0.232602669210076
110002009,0.59393290321208
110002013,0.774501370559933
110002015,1.02189737031705
110002017,0.765270211465726
110002020,0.63979724380756
110002022,0.569638475900015
110002024,1.18786580642416
110002027,1.02189737031705
110002028,1.18786580642416
110002029,0.122583989515381
110002032,0.101213838353564
110002035,0.265518087299166
110002037,1.4038742565632
110002042,0.0897945264142667
110002044,0.143954989947903
110002047,0.205219020846232
110002049,0.362496180558064
110002050,0.287797930084485
110002061,0.325553129604101
110002064,0.179589052828533
110002068,0.722468151169495
110002071,0.130533324699716
110002072,0.772209258832275
110002074,0.796554261897498
110002076,0.57600011219677
110002077,0.761748903579889
110002080,0.369382080764333
110002081,0.143954989947903
110002083,0.369382080764333
110002086,0.761748903579889
110002088,1.07302779281301
110002090,0.238751610113283
110002091,0.25911045430437
110002092,0.481832955545136
110002093,0.504062996461015
110002097,0.115354683416278
110002099,0.421124170588657
110002101,0.140022107142419
110002102,0.986682372981289
110002103,0.318815026219863
110002104,1.04802175537772
110002105,0.615417458973303
110002106,0.626154608616405
110002111,1.27959448761512
110002117,0.724992361116129
110002118,0.55456987684718
110002119,0.652434088019188
110002125,0.897625339505881
110002127,0.240916477772568
110002129,0.626154608616405
110002131,0.423232128980793
110002132,2.02296187247072
110002138,0.495805346041507
110002140,0.391599974099148
110002141,0.253916301193296
110002142,0.607639422234815
110002143,0.407412986291245
110002144,0.152214358710845
110002147,0.414038622983897
110002148,1.02189737031705
110002149,1.15200022439354
110002150,0.863393790253454
110002152,1.44493630233899
110002155,0.467958085521067
110002162,0.230709366832556
110002176,0.73275088597943
110002180,0.712973505785438
110002181,0.269364538820881
110002182,0.640058036532895
110002185,0.519432000426946
110002186,1.84625237691991
110002190,0.340765076914891
110002192,0.73275088597943
110002193,0.626154608616405
110002194,0.552632513855178
110002196,0.339146341977068
110002197,0.431696895126727
110002198,0.177310994555891
110002199,0.435239589422727
110002206,0.29920844650196
110002207,0.582286993341475
110002210,0.637630052439725
110002211,0.079221885611686
110002213,0.190515229487416
110002214,0.73275088597943
110002215,0.538729077641761
110002216,1.32711743562912
110002219,0.19281558921147
110002220,1.44493630233899
110002223,0.11358835897163
110002224,0.538729077641761
110002226,0.211608168582969
110002229,0.61040818138333
110002230,0.172678758050691
110002231,0.386104629416137
110002232,0.380874451789945
110002233,0.923126188459955
110002234,0.240482241843716
110002235,0.101774305776927
110002237,0.136531729747843
110002241,0.560088428569678
110002242,0.9581460232402
110002243,0.86733246855228
110002246,1.02189737031705
110002249,0.442544709638448
110002252,0.326429692067045
110002254,0.143014654434611
110002256,0.171617585321533
110002257,0.286029308869221
110002258,0.297830210096371
110002261,1.17170259746791
110002268,0.814725187544095
110002272,0.17274030286958
110002275,0.346932987420912
110002277,0.17957635921392
110002278,0.150587255414479
110002279,1.15630739953517
110002283,0.143954989947903
110002285,0.452371178030779
110002287,0.54612691899137
110002288,0.0910211531652283
110002289,0.317412252874454
110002290,0.0922837467330226
110002294,0.637630052439725
110002295,0.217704521717322
110002296,1.17128590337981
110002299,0.5479536576188
110002300,0.096407794605735
110002306,0.55490349667135
110002307,0.261893981710532
110002309,0.255090070488575
110002312,0.162945037508819
110002313,0.364341398371926
110002314,4.51638715770328
110002316,0.182042306330457
110002320,0.17957635921392
110002321,0.273063459495685
110002323,0.634824505748908
110002324,0.407120661451811
110002327,0.226185589015389
110002328,0.52058495786387
110002329,0.136531729747843
110002330,0.340765076914891
110002335,1.07829388099701
110002343,0.407362593772047
110002344,0.287909979895806
110002345,1.66295139050601
110002346,0.0851912692287227
110002347,0.153806244555038
110002348,0.54612691899137
110002351,0.66926463879603
110002354,0.320029018266447
110002356,2.20104509527966
110002357,0.802396979651554
110002358,0.894491082757444
110002359,0.209417014478664
110002360,0.317412252874454
110002361,0.364149835999983
110002363,0.170382538457445
110002365,0.145050151450091
110002366,0.485533114666643
110002368,0.60120560460929
110002369,0.814725187544095
110002370,0.60885743484338
110002371,0.129555227152185
110002375,1.00185988021108
110002377,1.18786580642416
110002379,0.560120675277765
110002381,0.17957635921392
110002383,0.391855242716528
110002389,2.72554783050821
110002391,0.165615449193559
110002393,0.237657835261813
110002394,0.211616064490396
110002395,0.282154752653862
110002396,1.02189737031705
110002397,0.435239589422727
110002401,0.863393790253454
110002404,0.269364538820881
110002407,0.143954989947903
110002409,0.291319868799986
110002410,0.431696895126727
110002414,0.269364538820881
110002415,0.45219512263609
110002416,0.678292683954135
110002417,0.86733246855228
110002418,1.00185988021108
110002419,0.318815026219863
110002422,0.11358835897163
110002424,0.45219512263609
110002427,0.946425464694523
110002428,0.143954989947903
110002430,0.407120661451811
110002433,0.0753951963384632
110002434,0.783710485433056
110002436,0.0672306588368863
110002439,0.814241322903622
110002444,0.423232128980793
110002445,0.538729077641761
110002446,0.329041117552389
110002447,0.423232128980793
110002449,0.61569250857287
150000002,0.80149953075089
150000005,0.602318351976015
150000006,0.463523659567376
150000010,1.84100768063025
150000011,4.78292627482688
150000012,1.08237336442912
150000017,0.370594424862158
150000018,0.637630052439725
150000019,0.220150214889094
150000022,1.08237336442912
150000029,0.696045491549455
150000034,0.2739768288094
150000045,0.495805346041507
150000051,0.57844676763441
150000059,0.57844676763441
150000066,0.482733525900636
150000067,0.863393790253454
150000076,0.132036476019477
150000083,0.50092994010554
150000084,0.569638475900015
150000086,0.335922270839574
150000087,1.53044778504832
150000088,0.66355871781456
150000091,0.560088428569678
150000093,0.221626094000787
150000094,0.548206475102455
150000107,0.76522389252416
150000112,1.37377650357447
150000130,1.53044778504832
150000131,1.57075234137738
150000133,0.193052314708069
150000135,0.410461672381913
150000140,0.20071147119899
150000141,1.08237336442912
150000146,0.626154608616405
150000151,0.198054714029215
150000153,1.16457398668295
150000164,0.279816141233036
150000171,0.241664120372043
150000179,0.78840688939853
150000189,1.25230921723281
150000191,0.927047319134752
150000192,0.560088428569678
150000208,1.48741603812452
150000210,0.504062996461015
150000220,2.45277110287437
150000221,0.885066825268723
150000222,0.839448423699108
150000223,0.585679641572153
150000224,0.079221885611686
150000227,0.407362593772047
150000229,0.50092994010554
150000232,0.598684344510852
150000237,0.62618649202591
150000238,1.50142271867983
150000239,0.846464257961586
150000252,0.5479536576188
150000255,1.67961135419787
150000256,0.19281558921147
150000258,0.195927621358264
150000269,1.4372190348603
150000272,0.318815026219863
150000273,0.299342172255426
150000280,2.91167278922147
150000281,1.32711743562912
150000296,0.79039931779235
150000297,0.22440633487647
150000305,0.276025748655931
150000309,1.28595959778905
150000312,0.181951716836037
150000315,0.946425464694523
150000316,0.93891418587057
150000318,0.111544106466005
150000323,0.415927407635385
150000324,0.60120560460929
150000327,0.145136347811548
150000328,0.999714418790945
150000329,0.129555227152185
150000332,0.147514903212816
150000336,1.48741603812452
150000337,1.715276940742
150000339,0.503848568023431
150000343,0.261893981710532
150000349,0.481253757499848
150000354,1.17170259746791
150000355,0.548206475102455
150000357,1.09641295020491
150000358,0.146812958781783
150000360,1.53044778504832
150000367,0.104708507239332
150000372,0.962507514999696
150000373,1.32760023790308
150000375,0.986682372981289
150000379,0.423232128980793
150000380,0.634824505748908
150000384,1.96836093395895
150000387,1.0959073152376
150000394,0.444563534957541
150000399,1.12709859162792
150000400,1.87782837174114
150000406,0.39610942805843
150000410,0.149760473278371
150000416,0.391855242716528
150000421,0.0823094071934545
150000430,0.221272354819224
150000431,0.194146979338505
150000441,0.733967346401348
150000443,0.313093246012955
150000447,0.354750999776658
150000452,0.325261651425088
150000457,0.980097343328657
150000462,0.709243978223564
150000463,0.246670593245322
150000472,0.634824505748908
150000475,0.22308821293201
150000477,0.321893641545007
150000483,0.626154608616405
150000485,0.908869660570895
150000486,0.0578372010529649
150000487,1.60037605576149
150000489,0.243946238568816
150000491,1.25230921723281
150000494,0.219360745034926
150000495,0.41743640574427
150000497,0.305561966747451
150000499,0.874271096280353
150000501,0.473001333035543
150000502,4.82480675828827
150000503,0.311067284751672
150000504,0.112091038547047
150000506,0.60885743484338
150000508,0.514187338319013
150000515,1.37491689810937
150000516,0.150907352586588
150000517,0.273063459495685
150000519,1.53044778504832
150000521,1.67961135419787
150000524,1.86640370851003
150000525,0.548206475102455
150000527,0.227217415142724
150000528,1.44493630233899
150000529,0.17617555053814
150000530,0.0660182380097383
150000531,0.463523659567376
150000532,0.88541141277409
150000536,0.163581736836507
150000541,0.676636418900945
150000542,0.249362934216772
150000543,0.66926463879603
150000547,0.626154608616405
150000553,0.124475357655013
150000554,1.12024135055553
150000555,1.108146242293
150000556,1.80101706084209
150000559,1.39027176196441
150000561,1.01148093623536
150000562,0.525604592932353
150000564,0.814241322903622
150000565,1.20463670395203
150000567,1.04116991572774
150000568,0.796554261897498
150000569,0.800188027880745
150000570,0.423232128980793
150000573,0.125237298405182
150000574,0.321893641545007
150000575,0.60885743484338
150000583,0.284819237950008
150000584,0.24199220641285
150000587,0.518220908608739
150000590,2.35137001323503
150000593,1.53044778504832
150000596,0.74370801906226
150000597,0.602318351976015
150000598,0.317412252874454
150000603,0.487892477137633
150000604,0.512056641709193
150000606,0.634824505748908
150000610,0.128701543138712
150000611,0.828077245967794
150000612,1.8258614327425
150000613,0.39610942805843
150000614,1.84625237691991
150000619,0.53345868525383
150000622,0.296375689971694
150000624,1.12709859162792
150000625,1.5936880930157
150000627,0.244929726227688
150000629,1.08237336442912
150000630,0.409222138729042
150000634,0.30442871742169
150000635,0.274103237551228
150000638,0.292821475844952
150000642,0.285093353451408
150000643,0.39610942805843
150000644,0.490048671664328
150000645,0.311188394137533
150000647,0.327792939178215
150000648,0.5387671584856
150000649,0.60885743484338
150000653,0.76808496256379
150000655,1.63498858768293
150000657,1.32760023790308
150000662,0.490048671664328
150000666,0.634824505748908
150000668,1.0959073152376
150000669,3.02555582928308
150000670,2.65520047580617
150000671,0.5479536576188
150000672,0.299520946556743
150000674,0.292839820786077
150000675,1.0959073152376
150000676,1.715276940742
150000678,0.414038622983897
150000680,0.54118668221456
150000681,1.22638555143719
150000682,0.923126188459955
150000683,0.198054714029215
150000684,2.45277110287437
150000685,0.57844676763441
150000686,0.590678315204244
150000688,0.39610942805843
150000691,0.980097343328657
150000692,0.460391857109493
150000693,0.179525067901176
150000695,1.63498858768293
150000702,0.569638475900015
150000703,1.32711743562912
150000704,1.8258614327425
150000705,0.199138565474375
150000709,0.39610942805843
150000710,0.560088428569678
150000717,0.435409043434644
150000718,0.116301334605038
150000719,0.115689353526882
150000722,0.70302201839083
150000725,0.280044214284839
150000732,1.04802175537772
150000737,0.786772793723051
150000740,2.78321116405336
150000743,0.613356952214265
150000744,0.5387671584856
150000745,0.370594424862158
150000747,0.889127069915083
150000748,1.39160558202668
150000749,0.418834028957327
150000752,0.398277130948749
150000753,0.498725868433545
150000755,2.17210431874344
150000758,1.70065141233776
150000760,0.238751610113283
150000767,0.280044214284839
150000771,1.04802175537772
150000774,0.831475695253005
150000776,0.140022107142419
150000778,0.602318351976015
150000781,0.923497362960055
150000786,0.204308181619612
150000787,0.697808007630229
150000789,0.598684344510852
150000790,0.916685900242352
150000791,0.483075079167723
150000792,0.962507514999696
150000793,0.66926463879603
150000794,0.442544709638448
150000795,0.407097223107708
150000796,0.282154752653862
150000797,1.13927695180003
150000798,0.284819237950008
150000799,0.328894124327096
150000800,0.30442871742169
150000802,0.83185481527077
150000805,1.61693094754721
150000806,0.506069191767821
150000807,0.490048671664328
150000809,0.116298371804729
150000810,0.518220908608739
150000811,0.400803736406193
150000813,0.38575297359978
150000815,2.57849459854781
150000818,1.84699472592011
150000819,0.30442871742169
150000822,0.503848568023431
150000826,0.121771486968676
150000828,0.83185481527077
150000829,0.946425464694523
150000830,0.504062996461015
150000831,0.152214358710845
150000832,0.585679641572153
150000833,0.927047319134752
150000834,1.41900399910663
150000835,1.5936880930157
150000836,0.236500666517772
150000838,1.84625237691991
150000840,0.76522389252416
150000845,0.783710485433056
150000846,1.9938585670527
150000848,0.73275088597943
150000849,0.986682372981289
150000850,0.0926486062155396
150000854,0.897625339505881
150000856,0.140954624711613
150000858,0.531040095161234
150000859,1.41900399910663
150000865,0.79684404650785
150000866,0.141171609322667
150000867,0.473001333035543
150000868,0.264495920783237
150000871,0.26200543884443
150000872,2.17210431874344
150000878,0.205219020846232
150000879,0.74370801906226
150000880,0.396743881174855
150000881,0.481645434112997
150000883,0.179589052828533
150000884,1.39160558202668
150000885,0.678292683954135
150000887,1.04802175537772
150000888,0.655410398496405
150000890,1.48741603812452
150000891,1.00812599292203
150000895,1.48741603812452
150000897,0.407362593772047
150000898,0.481832955545136
150000899,0.60885743484338
150000900,0.582286993341475
150000901,0.772209258832275
150000903,0.495805346041507
150000904,0.59222042317966
150000906,0.349340585125907
150000907,3.1519757250372
150000908,0.311188394137533
150000910,0.217704521717322
150000911,0.147514903212816
150000913,0.697808007630229
150000914,0.498725868433545
150000915,0.0870818086869288
150000917,1.08237336442912
150000918,0.171617585321533
150000919,0.639567904746733
150000922,0.44881266975294
150000924,0.429043963303832
150000925,0.560088428569678
150000926,0.658082235104777
150000927,0.362496180558064
150000928,1.17170259746791
150000931,1.73245651000495
150000932,0.728299671999965
150000933,0.54118668221456
150000934,0.31873761860314
150000937,1.5936880930157
150000940,0.365470983401637
150000941,0.582286993341475
150000942,1.16457398668295
150000943,0.317412252874454
150000945,0.18042596448941
150000946,0.399885767516378
150000947,0.355555083979727
150000950,0.942787306020508
150000951,0.092316637787737
150000952,0.246670593245322
150000955,0.602318351976015
150000956,0.5540731211465
150000958,0.29920844650196
150000960,0.61366922687675
150000961,0.65773753946738
150000962,1.715276940742
150000963,0.62618649202591
150000965,1.96836093395895
150000968,0.84667091660066
150000972,1.16457398668295
150000973,0.74370801906226
150000974,1.23138501714574
150000975,0.311188394137533
150000977,1.41404923383373
150000979,0.71247944724956
150000982,0.498725868433545
150000983,1.57681377879706
150000984,0.602318351976015
150000985,0.274103237551228
150000986,0.839805677098935
150000991,0.309015773044917
150000996,0.314262435340169
150001001,0.241664120372043
150001002,0.626154608616405
150001003,1.60563005632585
150001004,0.407120661451811
150001005,0.269364538820881
150001008,0.897625339505881
150001010,0.761748903579889
150001012,0.267709197387888
150001013,0.897625339505881
150001014,0.71247944724956
150001015,1.48741603812452
150001016,0.328894124327096
150001017,0.622134569503343
150001018,0.181248090279032
150001021,0.99745173686709
150001022,1.0959073152376
150001023,1.00812599292203
150001024,0.141171609322667
150001025,0.658082235104777
150001026,4.06438066718571
150001027,0.241664120372043
150001028,0.495805346041507
150001029,0.724992361116129
150001030,1.00355735599495
150001033,0.365470983401637
150001034,0.39610942805843
150001036,0.307828531269349
150001037,0.598684344510852
150001040,0.53345868525383
150001041,0.364149835999983
150001042,0.598684344510852
150001043,0.60560612346347
150001044,0.168983284454951
150001045,0.712973505785438
150001047,0.73275088597943
150001052,1.65675699713465
150001058,0.0803580792458863
150001066,0.160610985181712
150001067,0.761748903579889
150001068,0.155177814566546
150001075,0.73609359013787
150001077,0.814725187544095
150001080,0.518220908608739
150001082,0.44273119486521
150001087,0.167259559332492
150001089,0.615657062538697
150001091,0.127913580949347
150001095,0.73275088597943
150001096,0.435409043434644
150001097,0.116301334605038
150001098,0.386104629416137
150001099,0.57844676763441
150001100,0.62594279058038
150001104,0.158706126437227
150001105,0.501778677997475
150001109,0.209604351075544
150001110,1.00355735599495
150001114,0.158493813046273
150001121,0.57844676763441
150001123,0.62594279058038
150001124,0.139561601526046
150001127,0.57844676763441
150001128,0.167386085352559
150001130,0.209417014478664
150001132,0.096407794605735
150001134,0.576001822923422
150001135,0.239018943233026
150001139,0.0990273570146075
150001141,0.407470292041855
150001143,0.158706126437227
150001144,0.508365086256315
150001155,2.65520047580617
150001156,0.217704521717322
150001161,0.569638475900015
150001162,0.62618649202591
150001166,0.62618649202591
150001171,0.569638475900015
150001172,0.250889338998737
150001174,1.17170259746791
150001175,0.927047319134752
150001178,0.379758983933343
150001179,0.347056638575913
150001180,1.08237336442912
150001186,0.125237298405182
150001188,0.786772793723051
150001193,0.76808496256379
150001195,1.87782837174114
150001200,0.247062949908106
150001203,0.885991209037351
150001204,0.379758983933343
150001205,0.334519118664983
150001208,0.52058495786387
150001210,1.80101706084209
150001211,1.00355735599495
150001213,0.313077304308203
150001214,0.313077304308203
150001216,0.145136347811548
150001218,0.927047319134752
150001219,0.927737054684453
150001220,0.231761829783688
150001222,0.271575062514698
150001223,0.139561601526046
150001224,0.29611021158983
150001226,1.53616992512758
150001227,0.53345868525383
150001231,0.18540946382695
150001232,1.25230921723281
150001233,0.91293071637125
150001234,0.334519118664983
150001235,0.20071147119899
150001236,0.313093246012955
150001240,0.409222138729042
150001245,0.512056641709193
150001247,2.17210431874344
150001248,1.12709859162792
150001249,1.15630739953517
150001251,0.602349021657916
150001253,0.289223383817205
150001255,1.05194016889628
150001262,0.292925649366978
150001263,0.0789158910505998
150001265,0.518220908608739
150001268,0.278213319037353
150001269,0.108852260858661
150001270,0.381030458974831
150001271,0.93891418587057
150001274,0.407362593772047
150001278,1.17170259746791
150001279,1.00355735599495
150001280,0.885991209037351
150001281,1.12709859162792
150001299,0.566883804112587
150001300,0.195927621358264
150001301,0.2367476731518
150001302,0.108852260858661
150001303,1.08237336442912
150001306,0.473212732347262
150001308,0.289223383817205
150001309,1.12709859162792
150001313,0.27059334110728
150001317,0.407362593772047
150001318,1.87782837174114
150001321,1.17170259746791
150001323,0.93891418587057
150001328,0.370594424862158
150001331,0.423232128980793
150001332,1.17170259746791
150001334,0.390567532489303
150001335,0.57844676763441
150001336,0.289223383817205
150001337,0.473495346303599
150001339,0.57844676763441
150001346,0.889127069915083
150001349,0.743967429253297
150001352,0.292839820786077
150001355,0.30442871742169
150001356,0.814241322903622
150001357,0.634824505748908
150001358,0.364341398371926
150001364,0.5387671584856
150001365,1.08237336442912
150001366,0.39610942805843
150001368,0.273063459495685
150001372,1.20463670395203
150001377,0.538729077641761
150001378,0.396743881174855
150001382,0.783710485433056
150001383,0.613356952214265
150001384,0.200783007219305
150001386,0.76522389252416
150001391,0.783710485433056
150001392,0.396234532615681
150001395,0.927047319134752
150001396,0.741188849724317
150001398,0.241537539583862
150001400,1.08237336442912
150001403,0.501778677997475
150001405,1.0959073152376
150001406,0.54118668221456
150001407,0.391855242716528
150001408,0.57844676763441
150001411,0.817908684182533
150001412,1.20683381475159
150001413,0.230709366832556
150001414,1.5936880930157
150001417,0.271575062514698
150001418,0.309015773044917
150001419,0.828077245967794
150001422,0.317412252874454
150001425,1.73245651000495
150001426,0.370594424862158
150001427,0.328894124327096
150001428,0.306678476107133
150001429,0.369382080764333
150001430,0.419902838549468
150001431,0.271413774301207
150001438,0.167949522674477
150001440,0.76522389252416
150001442,4.51638715770328
150001444,0.186696142856559
150001445,0.712973505785438
150001447,0.772209258832275
150001448,0.471393653010254
150001449,1.47218718027574
150001458,0.78537617068869
150001459,0.585679641572153
150001467,0.160670542729941
150001469,0.212543350813242
150001472,0.429043963303832
150001473,0.30442871742169
150001476,0.602318351976015
150001477,0.317412252874454
150001478,0.153806244555038
150001479,0.501778677997475
150001480,0.141899352288368
150001481,1.00355735599495
150001483,2.17210431874344
150001486,0.634824505748908
150001492,0.463523659567376
150001494,1.57681377879706
150001495,0.26298504222407
150001497,1.4038742565632
150001500,0.158706126437227
150001502,0.634824505748908
150001504,0.349340585125907
150001506,0.927047319134752
150001507,0.889127069915083
150001511,1.65675699713465
150001512,0.814725187544095
150001514,0.927047319134752
150001519,0.391855242716528
150001520,0.232602669210076
150001521,0.435409043434644
150001528,0.232602669210076
150001529,0.643787283090014
150001531,0.39610942805843
150001534,0.463523659567376
150001535,0.267038755804482
150001543,0.634824505748908
150001544,0.360791121476373
150001545,0.132036476019477
150001546,0.306434544001351
150001547,0.866228255002475
150001549,2.8744380697206
150001550,0.83185481527077
150001553,0.2739768288094
150001554,0.0990273570146075
150001557,1.00355735599495
150001558,0.296375689971694
150001559,1.08237336442912
150001562,0.0990273570146075
150001563,0.313093246012955
150001564,1.02189737031705
150001565,0.409222138729042
150001566,3.11166799113599
150001567,0.900508530421045
150001568,1.04116991572774
150001569,0.585679641572153
150001570,1.00355735599495
150001571,1.87782837174114
150001574,0.435409043434644
150001576,0.460391857109493
150001580,0.741188849724317
150001581,0.278213319037353
150001583,1.78603931370647
150001584,0.52058495786387
150001587,0.585851298733955
150001588,0.292925649366978
150001591,0.83185481527077
150001594,0.814725187544095
150001596,0.643787283090014
150001597,1.08237336442912
150001603,1.17170259746791
150001604,0.59393290321208
150001605,0.1578317821012
150001615,0.095969993298602
150001616,0.20071147119899
150001617,1.02189737031705
150001618,0.933974202524884
150001619,0.152214358710845
150001622,0.269364538820881
150001623,1.17170259746791
150001625,0.57844676763441
150001626,0.501778677997475
150001627,0.262732977465257
150001628,0.510149261682773
150001629,0.817494293841465
150001631,0.57844676763441
150001632,0.390567532489303
150001634,2.35137001323503
150001637,1.17170259746791
150001642,1.65675699713465
150001643,1.08237336442912
150001644,1.18786580642416
150001645,2.8744380697206
150001652,0.39610942805843
150001653,1.00355735599495
150001654,0.585851298733955
150001655,1.08237336442912
150001656,1.17170259746791
150001657,0.697808007630229
150001658,0.54118668221456
150001659,0.11358835897163
150001660,0.235342302792981
150001663,0.495805346041507
150001669,0.391855242716528
150001671,0.62618649202591
150001672,0.309015773044917
150001678,0.340765076914891
150001679,0.258653093641236
150001680,0.375565674348228
150001681,0.431696895126727
150001682,0.62618649202591
150001684,1.04116991572774
150001688,0.461418733665113
150001689,0.585851298733955
150001690,0.57844676763441
150001691,0.360791121476373
150001693,0.550944677909073
150001695,0.724992361116129
150001697,1.17170259746791
150001698,0.330590594765931
150001699,0.143954989947903
150001703,0.218698307969824
150001709,0.289223383817205
150001710,1.12709859162792
150001711,0.54118668221456
150001725,0.57822164570152
150001728,0.398277130948749
150001729,0.602349021657916
150001730,0.119509471616513
150001732,0.393386396861525
150001736,0.643787283090014
150001737,0.17957635921392
150001738,0.217704521717322
150001739,0.250889338998737
150001740,1.96836093395895
150001741,0.783710485433056
160000002,1.27959448761512
160000003,1.43069242179264
160000004,2.02296187247072
160000009,3.39957956746497
160000014,0.540912492029078
200000360,0.2
200000366,0.125
200000371,0.2
200000372,0.25
200000373,0.2
200000374,0.2
200000379,0.166666666666667
200000382,0.5
200000386,0.166666666666667
200000387,0.5
200000388,0.2
200000389,0.25
200000390,0.333333333333333
200000391,0.2
200000392,0.333333333333333
200000393,0.333333333333333
200000395,0.2
200000398,0.25
200000399,0.166666666666667
200000400,0.333333333333333
200000401,0.25
200000404,0.25
200000412,0.25
200000415,0.333333333333333
200000418,0.25
200000420,0.333333333333333
200000422,0.25
200000425,0.166666666666667
200000426,1
200000430,0.333333333333333
200000432,0.5
200000433,0.25
200000435,0.5
200000440,0.333333333333333
200000448,0.142857142857143
200000453,1
200000581,0.2
200000586,0.5
200000587,0.25
200000588,0.25
200000591,0.333333333333333
200000592,0.2
200000594,0.25
200000596,1
200000597,0.25
200000598,1
200000600,1
200000601,0.25
200000602,0.25
200000605,1
200000606,0.125
200000608,0.333333333333333
200000610,0.5
200000611,0.5
200000612,1
200000613,0.25
200000617,0.25
200000628,0.333333333333333
200000636,0.2
200000639,1
200000640,0.333333333333333
200000642,1
200000646,0.333333333333333
200000651,0.5
200000653,1
200000659,0.2
200000660,1
200000661,0.5
200000665,0.25
200000671,0.333333333333333
200000675,0.2
200000677,0.333333333333333
200000678,0.333333333333333
200000686,0.333333333333333
200000690,0.333333333333333
200000697,0.333333333333333
200000699,0.333333333333333
200000700,0.25
200000707,0.333333333333333
200000711,0.25
200000716,0.25
200000718,0.25
200000719,1
200000721,0.25
200000725,1
200000730,0.25
200000735,0.25
200000740,0.333333333333333
200000742,0.333333333333333
200000745,0.333333333333333
200000747,0.25
200000749,0.333333333333333
200000752,0.142857142857143
200000758,0.2
200000765,0.333333333333333
200000767,0.25
200000769,0.25
200000780,0.25
200000781,0.333333333333333
200000786,0.25
200000787,0.166666666666667
200000788,0.333333333333333
200000790,0.333333333333333
200000791,0.25
200000794,0.333333333333333
200000800,0.333333333333333
200000802,0.5
200000805,0.25
200000806,1
200000809,0.2
200000811,0.25
200000813,0.333333333333333
200000820,0.25
200000822,1
200000824,0.2
200000826,0.25
200000828,0.333333333333333
200000836,0.333333333333333
200000838,0.25
200000842,0.2
200000844,0.333333333333333
200000846,0.5
200000847,0.166666666666667
200000848,0.2
200000856,0.2
200000859,0.5
200000860,0.25
200000862,0.25
200000863,0.166666666666667
200000866,0.333333333333333
200000868,0.2
200000873,0.166666666666667
200000883,0.25
200000884,0.25
200000887,0.2
200000889,0.333333333333333
200000892,0.25
200000894,0.5
200000900,0.333333333333333
200000907,0.333333333333333
200000912,0.333333333333333
200000916,1
200000917,0.25
200000927,0.142857142857143
200000929,1
200000930,0.25
200000938,0.333333333333333
200000939,0.333333333333333
200000940,0.2
200000943,0.333333333333333
200000953,0.166666666666667
200000956,0.2
200000957,0.25
200000959,0.333333333333333
200000961,0.25
200000962,0.25
200000963,0.25
200000964,0.5
200000970,0.333333333333333
200000974,0.25
200000982,0.25
200000987,0.25
200000988,1
200000989,0.25
200000993,0.333333333333333
200000994,0.333333333333333
200000996,0.5
200000998,0.5
200001006,0.25
200001009,1
200001012,0.166666666666667
200001021,0.333333333333333
200001025,0.25
200001029,0.2
200001032,0.142857142857143
200001033,1
200001035,0.25
200001038,0.25
200001040,0.5
200001041,1
200001042,0.2
200001048,1
200001054,0.5
200001056,0.25
200001059,0.333333333333333
200001060,0.125
200001071,0.25
200001073,0.5
200001074,0.333333333333333
200001075,0.25
200001076,0.2
200001080,0.25
200001082,0.333333333333333
200001084,0.25
200001085,0.333333333333333
200001086,0.333333333333333
200001087,0.25
200001091,0.333333333333333
200001092,0.166666666666667
200001098,0.166666666666667
200001099,0.2
200001100,0.2
200001104,0.2
200001105,1
200001106,0.333333333333333
200001107,1
200001113,0.5
200001114,0.25
200001115,0.25
200001117,0.5
200001123,0.333333333333333
200001124,0.166666666666667
200001125,0.25
200001126,0.2
200001132,0.2
200001137,0.2
200001138,0.2
200001140,0.5
200001147,0.333333333333333
200001148,0.333333333333333
200001151,0.333333333333333
200001155,0.25
200001157,0.25
200001161,0.25
200001166,0.333333333333333
200001167,0.333333333333333
200001168,0.5
200001172,1
200001173,0.25
200001176,0.25
200001177,1
200001179,1
200001182,1
200001183,0.5
200001184,0.333333333333333
200001185,0.5
200001189,1
200001193,0.25
200001196,1
200001200,0.5
200001204,1
200001212,0.333333333333333
200001215,0.25
200001220,0.25
200001224,0.333333333333333
200001230,0.333333333333333
200001235,0.5
200001240,0.5
200001245,0.25
200001247,0.25
200001251,0.2
200001258,0.25
200001264,0.5
200001266,0.25
200001267,1
200001277,0.25
200001281,1
200001285,0.25
200001287,0.5
200001295,0.333333333333333
200001296,0.2
200001298,1
200001310,1
200001320,0.25
200001322,0.2
200001324,0.5
200001325,0.25
200001326,1
200001328,0.25
200001331,0.25
200001332,0.5
200001342,1
200001343,0.5
200001350,0.333333333333333
200001354,0.5
200001355,0.25
200001360,0.5
200001365,0.166666666666667
200001366,0.25
200001370,0.25
200001377,1
200001383,0.2
200001386,0.25
200001398,1
200001402,1
200001406,0.5
200001407,0.5
200001413,0.2
200001421,0.2
200001423,0.333333333333333
200001424,0.333333333333333
200001430,0.333333333333333
200001437,0.5
200001445,0.333333333333333
200001446,0.333333333333333
200001449,0.333333333333333
200001455,0.333333333333333
200001458,0.25
200001459,0.25
200001471,0.25
200001472,0.166666666666667
200001476,0.2
200001487,0.25
200001490,1
200001494,0.166666666666667
200001510,0.2
200001515,0.25
200001525,0.5
200001527,0.333333333333333
200001529,0.5
200001533,0.5
200001535,0.5
200001539,1
200001542,0.5
200001546,0.333333333333333
200001547,0.2
200001553,0.25
200001555,0.5
200001557,1
200001562,0.2
200001566,0.25
200001567,0.5
200001568,0.5
200001571,0.25
200001574,0.25
200001581,0.333333333333333
200001582,0.25
200001586,0.2
200001590,0.2
200001592,0.25
200001608,0.333333333333333
200001614,0.25
200001617,0.5
200001619,0.333333333333333
200001620,0.25
200001622,0.5
200001623,0.333333333333333
200001628,0.25
200001629,0.333333333333333
200001632,1
200001634,0.333333333333333
200001637,0.2
200001638,0.333333333333333
200001645,1
200001675,0.5
200001678,0.25
200001687,0.5
200001689,0.5
200001690,0.2
200001700,0.25
200001715,0.25
200001726,0.5
200001732,0.2
200001743,0.2
200001777,1
200001782,0.5
200001791,1
200001812,0.333333333333333
200001813,0.2
200001832,1
200001835,0.25
200001849,0.333333333333333
200001858,0.2
200001867,1
200001872,0.25
200001875,0.333333333333333
200001879,0.5
200001919,0.5
200001927,0.333333333333333
200001931,0.5
200001934,0.2
200001936,0.5
200001946,0.166666666666667
200001950,0.25
200001959,0.333333333333333
200001975,0.166666666666667
200001986,1
200001991,1
200001996,0.5
200001998,0.5
200001999,0.25
200002002,0.25
200002003,1
200002005,0.2
200002015,1
200002016,0.333333333333333
200002019,0.2
200002027,0.333333333333333
200002034,0.2
200002035,0.166666666666667
200002037,0.2
200002055,0.2
200002058,0.25
200002064,0.2
200002068,0.5
200002069,0.2
200002070,0.2
200002073,0.166666666666667
200002082,0.5
200002086,0.25
200002087,0.25
200002088,0.166666666666667
200002091,1
200002095,0.25
200002096,0.2
200002108,1
200002113,0.25
200002114,0.5
200002119,0.333333333333333
200002126,0.25
200002133,1
200002134,0.2
200002135,0.5
200002136,0.25
200002137,0.5
200002138,0.333333333333333
200002139,0.2
200002140,0.5
200002141,0.166666666666667
200002147,0.333333333333333
200002148,0.25
200002149,0.333333333333333
200002151,0.142857142857143
200002152,0.25
200002154,1
200002155,0.5
200002157,0.333333333333333
200002158,0.25
200002159,0.25
200002160,0.333333333333333
200002162,0.333333333333333
200002164,1
200002165,0.25
200002169,0.25
200002170,0.2
200002175,0.25
200002176,0.5
200002177,0.25
200002178,0.25
200002187,0.25
200002188,0.2
200002190,0.2
200002193,0.25
200002197,0.25
200002199,1
200002200,0.25
200002206,0.166666666666667
200002209,0.166666666666667
200002210,0.2
200002211,0.142857142857143
200002217,0.2
200002225,0.25
200002226,0.5
200002228,0.166666666666667
200002234,0.166666666666667
200002245,0.5
200002246,0.25
200002250,0.2
200002253,0.25
200002254,0.2
200002259,0.25
200002260,0.333333333333333
200002271,0.25
200002278,0.333333333333333
200002283,0.5
200002285,0.2
200002287,0.25
200002299,1
200002301,0.25
200002307,0.25
200002312,0.2
200002332,0.2
200002337,0.25
200002341,0.5
200002375,0.142857142857143
200002393,0.5
200002400,0.5
200002401,0.333333333333333
200002411,0.333333333333333
200002415,0.333333333333333
200002417,0.25
200002434,0.333333333333333
200002437,0.5
200002438,0.333333333333333
200002453,0.25
200002485,0.2
200002486,0.5
200002489,0.25
200002499,0.333333333333333
200002508,0.333333333333333
200002512,0.25
200002517,1
200002536,0.2
200002540,0.25
200002548,0.2
200002597,0.2
200002615,0.25
200002616,0.2
200002617,0.25
200002623,0.2
200002625,0.25
200002629,0.25
200002631,0.2
200002644,0.2
200002646,1
200002648,0.5
200002651,1
200002653,0.25
200002655,0.25
200002656,0.25
200002657,1
200002666,0.25
200002673,1
200002675,0.2
200002676,0.25
200002677,0.333333333333333
200002680,0.25
200002684,0.2
200002685,0.25
200002686,0.142857142857143
200002691,0.2
200002692,1
200002693,0.25
200002707,0.333333333333333
200002710,0.166666666666667
200002711,0.2
200002714,0.5
200002717,0.2
200002719,1
200002720,0.2
200002723,0.2
200002730,0.5
200002731,0.25
200002733,0.166666666666667
200002741,0.5
200002749,0.25
200002754,0.25
200002763,0.25
200002765,0.25
200002766,1
200002771,1
200002775,0.333333333333333
200002785,1
200002786,1
200002793,0.2
200002799,0.333333333333333
200002807,1
200002809,0.333333333333333
200002821,0.2
200002823,0.166666666666667
200002835,0.25
200002836,0.25
200002838,0.25
200002839,0.333333333333333
200002841,0.5
200002842,0.25
200002849,0.5
200002854,0.5
200002861,0.333333333333333
200002872,0.333333333333333
200002874,0.25
200002879,0.2
200002887,1
200002892,0.333333333333333
200002898,0.125
200002904,0.333333333333333
200002907,1
200002908,1
200002928,1
200002931,0.333333333333333
200002934,0.25
200002942,0.333333333333333
200002945,0.25
200002946,0.333333333333333
200002949,0.25
200002962,0.2
200002963,0.2
200002970,0.2
200002981,0.333333333333333
200002984,0.25
200002989,0.25
200002992,0.333333333333333
200002994,1
200003000,1
200003006,0.5
200003013,0.25
200003019,0.5
200003021,0.5
200003036,0.5
200003037,1
200003044,0.2
200003054,0.333333333333333
200003057,0.25
200003058,0.25
200003064,1
200003067,0.142857142857143
200003069,0.333333333333333
200003070,0.5
200003071,0.5
200003084,0.333333333333333
200003085,1
200003089,0.333333333333333
200003107,0.2
200003115,0.142857142857143
200003118,0.166666666666667
200003133,1
200003134,1
200003142,1
200003143,0.25
200003145,0.25
200003147,0.25
200003162,0.333333333333333
200003163,0.5
200003166,0.333333333333333
200003170,0.25
200003172,0.166666666666667
200003173,0.25
200003178,0.166666666666667
200003183,1
200003189,0.2
200003193,1
200003194,0.166666666666667
200003196,0.25
200003198,0.333333333333333
200003205,0.2
200003207,0.5
200003209,0.25
200003224,0.25
200003225,1
200003228,0.25
200003236,1
200003239,0.333333333333333
200003240,0.166666666666667
200003242,0.2
200003243,0.333333333333333
200003244,0.333333333333333
200003257,0.333333333333333
200003259,1
200003275,0.333333333333333
200003280,0.5
200003292,0.5
200003302,0.2
200003306,0.2
200003314,0.166666666666667
200003328,0.333333333333333
200003329,1
200003337,0.2
200003361,0.2
200003362,0.5
200003372,0.5
200003376,0.25
200003381,0.2
200003396,0.166666666666667
200003409,0.2
200003410,0.2
200003411,1
200003415,0.25
200003423,1
200003426,0.5
200003429,0.5
200003435,0.333333333333333
200003436,0.5
200003444,0.2
200003445,0.5
200003449,0.25
200003454,0.2
200003457,0.2
200003462,0.5
200003464,1
200003466,1
200003473,0.25
200003474,0.25
200003476,0.2
200003477,0.2
200003479,0.333333333333333
200003481,0.25
200003497,1
200003504,1
200003507,0.5
200003509,0.5
200003514,0.2
200003517,0.25
200003522,0.5
200003525,0.2
200003526,0.333333333333333
200003527,0.5
200003532,0.25
200003535,0.25
200003539,0.2
200003543,0.333333333333333
200003546,1
200003548,0.25
200003554,0.25
200003560,1
200003561,1
200003566,0.333333333333333
200003567,0.2
200003569,1
200003571,0.2
200003575,1
200003576,0.333333333333333
200003578,0.333333333333333
200003586,1
200003590,1
200003598,1
200003601,0.2
200003602,1
200003606,0.166666666666667
200003607,0.2
200003610,0.333333333333333
200003611,0.25
200003613,0.333333333333333
200003614,0.333333333333333
200003617,0.25
200003622,0.25
200003623,0.5
200003627,0.25
200003629,0.5
200003644,0.166666666666667
200003650,0.333333333333333
200003656,0.25
200003663,1
200003670,0.333333333333333
200003671,0.2
200003672,0.5
200003675,0.333333333333333
200003678,1
200003680,0.25
200003681,0.333333333333333
200003686,0.2
200003688,1
200003690,1
200003695,0.25
200003697,0.25
200003702,0.2
200003709,0.25
200003713,0.333333333333333
200003715,0.333333333333333
200003717,1
200003720,1
200003722,1
200003724,0.333333333333333
200003729,1
200003736,0.333333333333333
200003737,0.5
200003745,0.2
200003747,0.166666666666667
200003750,1
200003751,1
200003755,0.166666666666667
200003757,0.5
200003768,0.166666666666667
200003771,0.166666666666667
200003772,1
200003787,0.2
200003791,0.25
200003792,1
200003793,0.333333333333333
200003794,0.5
200003797,0.25
200003806,0.333333333333333
200003811,0.5
200003813,0.25
200003822,0.166666666666667
200003823,0.166666666666667
200003830,0.25
200003834,0.5
200003836,0.2
200003841,1
200003846,0.166666666666667
200003859,1
200003860,0.5
200003868,0.166666666666667
200003872,0.25
200003875,0.333333333333333
200003886,0.25
200003893,1
200003897,0.25
200003898,1
200003902,0.25
200003903,1
200003904,1
200003907,0.333333333333333
200003910,0.25
200003922,1
200003923,0.5
200003933,0.25
200003934,0.142857142857143
200003936,1
200003940,0.25
200003945,0.2
200003948,0.5
200003949,0.25
200003953,0.25
200003960,0.25
200003961,0.5
200003967,0.333333333333333
200003973,0.2
200003978,1
200003983,1
200003988,0.333333333333333
200003991,0.2
200003997,0.2
200004000,0.333333333333333
200004003,1
200004019,1
200004022,1
200004026,1
200004030,0.25
200004037,1
200004038,0.2
200004040,0.25
200004041,0.25
200004043,0.5
200004044,0.25
200004046,0.25
200004047,0.25
200004057,0.333333333333333
200004060,0.2
200004061,1
200004062,0.333333333333333
200004064,0.333333333333333
200004066,1
200004070,1
200004073,0.2
200004083,0.25
200004094,1
200004095,0.333333333333333
200004096,0.25
200004097,0.25
200004098,0.333333333333333
200004109,0.25
200004111,0.25
200004114,0.333333333333333
200004115,0.333333333333333
200004117,1
200004121,0.2
200004129,0.333333333333333
200004134,0.333333333333333
200004136,0.25
200004139,0.333333333333333
200004140,0.333333333333333
200004143,0.5
200004145,0.25
200004150,0.166666666666667
200004151,0.25
200004152,0.5
200004154,0.25
200004156,0.25
200004157,0.333333333333333
200004162,0.25
200004164,0.2
200004165,0.25
200004169,0.25
200004170,0.2
200004171,1
200004180,1
200004182,0.25
200004183,0.5
200004186,1
200004187,0.25
200004188,0.25
200004189,0.2
200004190,0.5
200004194,0.333333333333333
200004196,1
200004202,0.25
200004205,1
200004208,0.25
200004210,0.25
200004212,0.25
200004215,0.2
200004216,0.2
200004217,0.2
200004219,0.25
200004224,0.2
200004225,0.166666666666667
200004250,1
200004253,0.25
200004256,0.25
200004262,0.333333333333333
200004268,0.5
200004270,0.2
200004274,0.25
200004279,0.5
200004282,0.5
200004286,0.25
200004288,0.5
200004289,0.25
200004291,0.25
200004292,1
200004295,0.25
200004296,0.333333333333333
200004297,0.2
200004303,0.25
200004304,0.25
200004305,0.166666666666667
200004307,0.25
200004311,0.25
200004312,0.25
200004318,0.5
200004319,1
200004324,0.333333333333333
200004328,0.5
200004333,0.2
200004339,0.2
200004342,0.333333333333333
200004343,0.2
200004352,0.333333333333333
200004355,0.333333333333333
200004359,0.333333333333333
200004364,0.333333333333333
200004366,0.2
200004367,1
200004369,0.25
200004372,0.2
200004375,0.5
200004384,0.333333333333333
200004386,0.5
200004389,0.333333333333333
200004392,0.166666666666667
200004394,0.333333333333333
200004396,0.25
200004398,0.142857142857143
200004400,0.125
200004412,1
200004413,0.2
200004414,0.142857142857143
200004415,0.166666666666667
200004420,0.5
200004421,0.25
200004423,0.2
200004425,1
200004426,0.166666666666667
200004429,0.25
200004433,0.333333333333333
200004440,1
200004441,0.142857142857143
200004444,0.2
200004446,1
200004450,0.5
200004452,1
200004457,0.333333333333333
200004463,1
200004472,0.333333333333333
200004475,0.142857142857143
200004476,0.25
200004479,1
200004481,0.25
200004482,0.25
200004486,1
200004490,0.5
200004494,0.166666666666667
200004495,0.25
200004498,0.2
200004499,1
200004519,0.5
200004523,0.333333333333333
200004527,1
200004529,1
200004530,0.25
200004534,0.5
200004535,0.142857142857143
200004541,0.25
200004554,0.25
200004561,0.25
200004591,0.25
200004593,0.25
200004599,0.5
200004600,1
200004606,0.2
200004609,0.5
200004613,0.2
200004618,0.25
200004619,0.25
200004630,1
200004635,0.25
200004636,0.25
200004642,0.333333333333333
200004644,0.5
200004649,0.333333333333333
200004660,1
200004662,1
200004680,0.333333333333333
200004681,0.25
200004682,0.5
200004683,0.25
200004694,0.333333333333333
200004705,0.2
200004713,0.5
200004714,0.2
200004715,0.333333333333333
200004716,0.25
200004718,0.333333333333333
200004727,0.2
200004734,0.25
200004735,0.25
200004739,0.166666666666667
200004741,1
200004742,0.166666666666667
200004745,0.333333333333333
200004746,0.25
200004747,0.2
200004750,0.333333333333333
200004752,0.25
200004754,0.2
200004756,0.333333333333333
200004764,0.5
200004774,0.166666666666667
200004779,0.25
200004796,0.2
200004809,0.166666666666667
200004817,0.25
200004823,0.25
200004824,0.2
200004834,0.333333333333333
200004863,0.2
200004866,0.2
200004867,1
200004871,0.333333333333333
200004873,0.25
200004874,0.5
200004878,0.25
200004881,0.2
200004891,0.25
200004982,0.5
200004990,1
200004993,0.25
200004996,0.5
200005001,0.25
200005004,0.2
200005009,0.25
200005016,1
200005030,0.2
200005040,0.25
200005054,0.333333333333333
200005058,1
200005061,1
200005064,0.2
200005065,0.25
200005078,0.25
200005081,0.333333333333333
200005099,0.25
200005118,0.2
200005119,0.333333333333333
200005120,1
200005122,0.25
200005125,0.5
200005128,0.333333333333333
200005133,0.5
200005151,0.333333333333333
200005153,0.25
200005156,0.25
200005161,0.2
200005168,1
200005169,1
200005180,0.2
200005181,0.333333333333333
200005183,0.333333333333333
200005184,0.25
200005185,0.25
200005188,0.333333333333333
200005192,0.2
200005200,0.2
200005201,0.333333333333333
200005204,0.166666666666667
200005205,0.2
200005207,0.5
200005208,0.2
200005211,0.2
200005212,0.2
200005218,0.25
200005220,0.25
200005222,0.25
200005223,1
200005224,1
200005227,1
200005231,0.5
200005256,0.25
200005261,0.25
200005263,0.2
200005268,1
200005274,0.166666666666667
200005278,0.2
200005285,0.333333333333333
200005286,0.5
200005291,0.2
200005292,0.333333333333333
200005295,0.25
200005306,0.25
200005316,0.166666666666667
200005322,0.333333333333333
200005325,0.333333333333333
200005329,0.25
200005334,0.2
200005340,0.2
200005344,1
200005350,0.333333333333333
200005363,0.25
200005368,0.25
200005369,0.2
200005370,0.5
200005374,0.25
200005377,0.5
200005382,0.5
200005385,0.125
200005390,0.25
200005408,0.333333333333333
200005411,0.2
200005412,0.2
200005415,0.333333333333333
200005416,0.25
200005422,0.5
200005431,0.333333333333333
200005435,0.2
200005436,0.5
200005442,0.333333333333333
200005443,0.2
200005447,0.2
200005456,1
200005457,0.333333333333333
200005459,0.2
200005462,1
200005468,0.5
200005471,0.25
200005474,0.25
200005488,0.25
200005491,0.25
200005493,0.2
200005494,1
200005495,0.25
200005502,0.333333333333333
200005507,0.25
200005508,0.25
200005514,1
200005519,0.5
200005526,0.2
200005534,0.2
200005538,1
200005539,0.25
200005540,1
200005547,0.25
200005553,0.333333333333333
200005555,1
200005560,1
200005562,0.333333333333333
200005568,0.333333333333333
200005570,0.2
200005572,0.5
200005580,1
200005596,1
200005605,0.5
200005606,0.25
200005608,0.25
200005615,0.25
200005616,0.25
200005622,1
200005630,0.333333333333333
200005635,0.333333333333333
200005637,1
200005650,0.2
200005652,0.5
200005654,0.25
200005657,0.2
200005663,0.25
200005675,0.5
200005683,0.25
200005690,0.333333333333333
200005693,0.5
200005711,0.333333333333333
200005719,1
200005724,0.25
200005743,0.5
200005751,0.25
200005758,0.25
200005760,0.166666666666667
200005764,0.333333333333333
200005768,0.25
200005771,0.166666666666667
200005779,0.333333333333333
200005781,0.166666666666667
200005799,0.333333333333333
200005800,0.25
200005804,0.333333333333333
200005805,0.333333333333333
200005806,0.5
200005810,0.25
200005811,0.5
200005812,0.5
200005815,0.166666666666667
200005819,0.5
200005820,0.25
200005828,0.333333333333333
200005842,0.333333333333333
200005848,1
200005849,1
200005861,0.25
200005869,1
200005879,1
200005884,1
200005888,0.2
200005890,0.5
200005896,0.25
200005897,0.25
200005902,1
200005903,0.5
200005918,0.333333333333333
200005923,0.5
200005928,0.166666666666667
200005933,0.25
200005935,0.2
200005943,0.333333333333333
200005959,0.25
200005961,0.2
200005962,0.5
200005966,0.25
200005973,1
200005976,0.166666666666667
200005988,1
200006010,0.2
200006017,0.2
200006026,1
200006035,0.2
200006036,1
200006047,0.2
200006061,1
200006063,0.166666666666667
200006078,0.166666666666667
200006083,0.25
200006091,0.2
200006092,0.25
200006094,0.2
200006096,0.25
200006097,0.166666666666667
200006102,0.2
200006107,1
200006108,1
200006113,0.142857142857143
200006115,0.25
200006124,0.166666666666667
200006173,0.333333333333333
200006202,0.333333333333333
200006249,1
200006256,0.333333333333333
200006289,0.333333333333333
200006312,0.333333333333333
200006317,0.25
200006318,0.333333333333333
200006324,0.5
200006339,0.2
200006343,0.166666666666667
200006376,1
200006406,0.5
200006438,1
200006458,0.5
200006465,0.2
200006480,0.25
200006481,0.142857142857143
200006508,0.25
200006521,1
200006523,0.25
200006532,0.25
200006541,1
200006564,0.333333333333333
200006566,1
200006610,0.5
200006611,1
200006661,1
200006668,0.25
200006673,1
200006694,0.25
200006709,0.333333333333333
200006711,0.2
200006731,0.5
200006746,0.333333333333333
200006750,1
200006763,1
200006787,0.166666666666667
200006794,1
200006821,0.333333333333333
200006849,1
200006867,0.2
200006899,0.25
200006930,1
200006933,0.25
200006953,0.25
200006955,0.166666666666667
200006981,0.25
200006992,0.25
200006998,0.2
200007023,1
200007029,0.2
200007033,0.25
200007041,0.5
200007048,0.25
200007079,0.142857142857143
200007094,0.25
200007105,0.166666666666667
200007139,0.2
200007147,0.25
200007157,0.2
200007166,1
200007180,1
200007182,0.333333333333333
200007188,0.2
200007203,0.166666666666667
200007217,0.333333333333333
200007222,0.2
200007223,0.2
200007232,0.25
200007233,0.25
200007243,0.333333333333333
200007265,0.25
200007272,0.142857142857143
200007275,0.5
200007303,0.25
200007313,0.166666666666667
200007315,0.2
200007329,0.25
200007337,0.333333333333333
200007339,1
200007364,0.25
200007372,1
200007380,0.2
200007381,1
200007391,0.333333333333333
200007429,0.166666666666667
200007438,0.2
200007446,0.25
200007452,0.2
200007459,0.5
200007460,1
200007469,0.142857142857143
200007470,0.25
200007482,0.333333333333333
200007493,0.25
200007534,0.5
200007535,1
200007541,0.333333333333333
200007542,0.25
200007549,0.2
200007555,1
200007560,0.333333333333333
200007571,0.5
200007576,1
200007593,0.333333333333333
200007594,0.25
200007608,0.5
200007609,0.125
200007619,1
200007620,0.25
200007641,0.2
200007649,0.25
200007651,0.333333333333333
200007653,0.333333333333333
200007657,0.25
200007658,0.25
200007660,0.25
200007684,0.333333333333333
200007690,0.2
200007692,0.333333333333333
200007693,0.142857142857143
200007698,0.2
200007725,0.2
200007727,0.5
200007732,0.2
200007759,1
200007767,0.25
200007770,0.333333333333333
200007791,0.25
200007795,0.5
200007797,0.2
200007814,0.25
200007823,0.142857142857143
200007850,1
200007857,1
200007863,0.5
200007866,0.2
200007870,1
200007872,0.333333333333333
200007874,0.25
200007876,0.333333333333333
200007900,1
200007904,0.333333333333333
200007939,0.333333333333333
200007946,0.5
200007947,1
200007953,0.25
200007988,0.142857142857143
200008001,0.5
200008003,0.25
200008009,0.25
200008013,0.25
200008015,1
200008023,0.333333333333333
200008028,0.5
200008040,0.25
200008056,0.333333333333333
200008060,0.166666666666667
200008064,0.166666666666667
200008084,1
200008094,0.166666666666667
200008103,0.333333333333333
200008116,0.25
200008118,0.25
200008121,0.166666666666667
200008132,0.333333333333333
200008139,0.5
200008140,1
200008151,1
200008159,0.166666666666667
200008169,0.166666666666667
200008179,0.5
200008181,0.2
200008182,0.2
200008199,1
200008211,1
200008230,0.25
200008239,0.5
200008247,0.2
200008263,1
200008272,0.2
200008286,0.25
200008295,0.25
200008296,0.5
200008308,0.333333333333333
200008312,0.5
200008362,0.25
200008385,1
200008407,0.333333333333333
200008417,0.2
200008425,0.5
200008430,0.25
200008442,0.2
200008453,0.5
200008458,0.2
200008474,0.25
200008502,0.333333333333333
200008523,0.5
200008527,0.25
200008529,0.25
200008536,0.2
200008540,0.5
200008541,0.25
200008551,0.333333333333333
200008583,0.5
200008597,1
200008616,1
200008621,0.333333333333333
200008629,0.5
200008636,1
200008638,1
200008639,0.333333333333333
200008664,0.333333333333333
200008682,1
200008708,1
200008709,0.25
200008718,0.333333333333333
200008719,0.2
200008726,1
200008769,0.5
200008785,0.2
200008823,0.333333333333333
200008832,0.333333333333333
200008854,0.333333333333333
200008858,0.25
200008890,0.333333333333333
200008908,0.25
200008911,0.5
200008917,0.142857142857143
200008935,0.333333333333333
200008942,0.5
200008957,0.125
200008969,0.5
200008970,0.333333333333333
200008989,0.333333333333333
200009006,0.333333333333333
200009011,0.333333333333333
200009015,0.5
200009053,0.333333333333333
200009054,0.25
200009081,1
200009089,1
200009091,0.25
200009113,0.333333333333333
200009136,0.25
200009148,0.25
200009160,0.25
200009177,0.2
200009231,0.25
200009237,0.25
200009243,0.2
200009245,1
200009250,0.2
200009251,0.2
200009260,0.333333333333333
200009263,0.5
200009274,0.166666666666667
200009312,0.166666666666667
200009317,0.2
200009321,0.25
200009340,0.5
200009358,0.2
200009360,0.333333333333333
200009372,0.5
200009384,0.333333333333333
200009385,0.333333333333333
200009398,0.5
200009404,1
200009467,1
200009496,0.166666666666667
200009507,0.166666666666667
200009517,0.2
200009525,1
200009531,0.2
200009532,0.333333333333333
200009556,0.25
200009557,0.333333333333333
200009579,0.2
200009580,0.2
200009581,0.2
200009586,0.25
200009612,0.333333333333333
200009622,0.25
200009630,0.5
200009631,1
200009634,0.5
200009665,0.333333333333333
200009670,0.2
200009714,1
200009720,1
200009721,0.5
200009725,0.2
200009730,0.25
200009734,1
200009740,0.5
200009760,0.2
200009831,0.5
200009868,0.25
200009897,0.25
200009901,0.142857142857143
200009944,1
200009968,0.142857142857143
200009988,0.333333333333333
200010003,0.5
200010048,0.333333333333333
200010086,0.333333333333333
200010103,0.2
200010109,0.5
200010111,0.333333333333333
200010115,0.166666666666667
200010116,0.2
200010128,0.2
200010135,0.333333333333333
200010139,0.2
200010152,0.2
200010156,1
200010164,0.25
200010202,0.5
200010209,0.166666666666667
200010220,0.333333333333333
200010225,0.2
200010229,0.25
200010230,0.166666666666667
200010231,0.142857142857143
200010234,0.333333333333333
200010261,0.166666666666667
200010271,0.333333333333333
200010276,1
200010284,1
200010285,0.5
200010289,0.25
200010291,0.5
200010298,0.25
200010302,0.2
200010310,0.2
200010327,0.166666666666667
200010330,1
200010338,0.333333333333333
200010349,0.2
200010373,1
200010374,0.25
200010381,0.2
200010382,0.333333333333333
200010398,0.5
200010403,0.25
200010453,1
200010467,0.25
200010512,0.333333333333333
200010529,1
200010551,0.2
200010562,0.5
200010566,0.25
200010585,0.166666666666667
200010605,1
200010646,0.5
200010663,0.333333333333333
200010666,0.5
200010675,1
200010685,0.166666666666667
200010698,0.25
200010715,0.333333333333333
200010733,0.142857142857143
200010760,0.333333333333333
200010764,1
200010767,0.2
200010780,0.142857142857143
200010781,0.25
200010798,1
200010822,0.2
200010830,0.5
200010854,0.333333333333333
200010874,1
200010883,0.5
200010888,0.333333333333333
200010914,0.2
200010921,0.5
200010944,0.333333333333333
200010967,0.166666666666667
200010980,0.25
200011001,1
200011002,0.25
200011014,0.25
200011046,0.333333333333333
200011052,0.333333333333333
200011057,0.2
200011064,0.2
200011095,1
200011106,0.333333333333333
200011127,0.333333333333333
200011128,0.25
200011145,0.166666666666667
200011152,0.333333333333333
200011177,0.333333333333333
200011185,0.333333333333333
200011193,0.333333333333333
200011196,0.2
200011203,0.5
200011217,0.25
200011227,0.333333333333333
200011228,0.333333333333333
200011236,0.125
200011248,0.166666666666667
200011255,0.333333333333333
200011262,1
200011264,0.333333333333333
200011279,0.25
200011281,0.333333333333333
200011289,1
200011294,0.25
200011301,0.25
200011303,0.166666666666667
200011304,0.25
200011310,0.333333333333333
200011315,0.166666666666667
200011322,1
200011337,0.2
200011343,0.2
200011347,0.2
200011363,0.333333333333333
200011372,1
200011375,0.25
200011378,0.5
200011381,0.333333333333333
200011386,1
200011390,0.5
200011392,0.333333333333333
200011393,0.5
200011398,0.5
200011399,0.2
200011403,0.25
200011408,1
200011420,0.333333333333333
200011421,0.333333333333333
200011422,0.25
200011427,0.25
200011429,0.333333333333333
200011437,0.333333333333333
200011443,0.333333333333333
200011445,0.5
200011482,0.2
200011486,0.25
200011488,0.25
200011494,0.25
200011495,0.2
200011508,0.166666666666667
200011518,0.5
200011522,0.2
200011531,0.2
200011547,0.5
200011552,1
200011558,0.25
200011563,0.2
200011570,0.5
200011585,1
200011587,0.333333333333333
200011596,0.5
200011619,0.2
200011633,0.25
200011669,1
200011693,0.5
200011724,0.2
200011733,0.25
200011752,0.25
200011764,0.5
200011775,1
200011819,0.2
200011843,0.2
200011941,0.5
200011953,0.5
200011968,0.5
200011974,0.25
200012031,0.25
200012063,0.2
200012084,0.333333333333333
200012170,0.25
200012179,1
200012197,0.25
200012249,0.333333333333333
200012282,0.2
200012294,0.2
200012301,0.333333333333333
200012327,0.25
200012358,0.25
200012373,0.5
200012380,0.5
200012408,0.333333333333333
200012430,0.5
200012432,0.333333333333333
200012436,0.25
200012499,0.25
200012515,0.166666666666667
200012518,0.125
200012539,0.2
200012547,0.5
200012582,0.25
200012622,0.333333333333333
200012626,0.333333333333333
200012627,1
200012648,0.333333333333333
200012673,0.5
200012695,0.333333333333333
200012716,0.5
200012759,0.5
200012760,0.2
200012799,0.333333333333333
200012850,0.25
200012892,1
200012895,0.5
200012957,0.5
200012964,1
200012986,0.333333333333333
200012992,0.25
200012995,1
200013034,0.2
200013049,0.166666666666667
200013060,0.333333333333333
200013071,0.5
200013087,1
200013091,1
200013093,0.333333333333333
200013116,0.2
200013120,0.5
200013134,0.333333333333333
200013138,1
200013139,0.25
200013147,0.142857142857143
200013157,0.333333333333333
200013168,0.333333333333333
200013190,1
200013195,1
200013198,0.333333333333333
200013207,0.2
200013214,0.333333333333333
200013227,0.2
200013253,1
200013267,0.5
200013270,0.5
200013326,1
200013368,1
200013403,0.333333333333333
200013406,0.25
200013422,0.333333333333333
200013449,0.25
200013450,0.5
200013465,1
200013473,0.25
200013479,0.333333333333333
200013488,0.25
200013493,0.5
200013514,0.25
200013518,0.2
200013637,0.333333333333333
200013639,0.5
200013642,1
200013652,0.5
200013657,0.125
200013667,1
200013670,0.5
200013683,0.333333333333333
